<?xml version="1.0" encoding="UTF-8"?><bookmarks><file xmlns="http://www.w3.org/1999/xhtml" absolutepath="/MATLAB Drive/Assignmeng 1.m"></file><file xmlns="http://www.w3.org/1999/xhtml" absolutepath="/MATLAB Drive/Data_1.m"></file><file xmlns="http://www.w3.org/1999/xhtml" absolutepath="/MATLAB Drive/Data 2.m"></file><file xmlns="http://www.w3.org/1999/xhtml" absolutepath="/MATLAB Drive/html/Question 3.mlx"></file><file xmlns="http://www.w3.org/1999/xhtml" absolutepath="/MATLAB Drive/html/Question 2.mlx"></file><file xmlns="http://www.w3.org/1999/xhtml" absolutepath="/MATLAB Drive/html/Question_4.mlx"></file><file xmlns="http://www.w3.org/1999/xhtml" absolutepath="/MATLAB Drive/html/Question_ 2.mlx"></file><file xmlns="http://www.w3.org/1999/xhtml" absolutepath="/MATLAB Drive/html/Question _3.mlx"></file><file xmlns="http://www.w3.org/1999/xhtml" absolutepath="/MATLAB Drive/html/Question_5.mlx"></file><file xmlns="http://www.w3.org/1999/xhtml" absolutepath="/MATLAB Drive/html/Question_1.mlx"></file><file xmlns="http://www.w3.org/1999/xhtml" absolutepath="/MATLAB Drive/html/Question_ 1 with plots.mlx"></file><file xmlns="http://www.w3.org/1999/xhtml" absolutepath="/MATLAB Drive/Modeling HW_3 (1a).mlx"></file><file xmlns="http://www.w3.org/1999/xhtml" absolutepath="/MATLAB Drive/HW_3 (1b).mlx"></file><file xmlns="http://www.w3.org/1999/xhtml" absolutepath="/MATLAB Drive/HW_3 (1c).mlx"></file><file xmlns="http://www.w3.org/1999/xhtml" absolutepath="/MATLAB Drive/New Folder/SVD _comp hw.mlx"></file><file xmlns="http://www.w3.org/1999/xhtml" absolutepath="/MATLAB Drive/Modeling HW4 (1b).mlx"></file><file xmlns="http://www.w3.org/1999/xhtml" absolutepath="/MATLAB Drive/Modeling_ HW 4(2c).mlx"></file><file xmlns="http://www.w3.org/1999/xhtml" absolutepath="/MATLAB Drive/HW4 (3d).mlx"></file><file xmlns="http://www.w3.org/1999/xhtml" absolutepath="/MATLAB Drive/hw 4 (3d correct).mlx"></file><file xmlns="http://www.w3.org/1999/xhtml" absolutepath="/MATLAB Drive/obafemi.mlx"></file><file xmlns="http://www.w3.org/1999/xhtml" absolutepath="/MATLAB Drive/Betty.mlx"></file><file xmlns="http://www.w3.org/1999/xhtml" absolutepath="/MATLAB Drive/Compu_ problem 8.2 .mlx"></file><file xmlns="http://www.w3.org/1999/xhtml" absolutepath="/MATLAB Drive/Comp_Hw3 codes.mlx"></file><file xmlns="http://www.w3.org/1999/xhtml" absolutepath="/MATLAB Drive/poly_approx.mlx"></file><file xmlns="http://www.w3.org/1999/xhtml" absolutepath="/MATLAB Drive/lead_model.m"></file><file xmlns="http://www.w3.org/1999/xhtml" absolutepath="/MATLAB Drive/lead_model_part_b.m"></file><file xmlns="http://www.w3.org/1999/xhtml" absolutepath="/MATLAB Drive/Comp_HW_ 3 _codes.mlx"></file><file xmlns="http://www.w3.org/1999/xhtml" absolutepath="/MATLAB Drive/Modling_HW6_code.mlx"></file><file xmlns="http://www.w3.org/1999/xhtml" absolutepath="/MATLAB Drive/Q3c.mlx"></file><file xmlns="http://www.w3.org/1999/xhtml" absolutepath="/MATLAB Drive/Q3c_alternative.mlx"></file><file xmlns="http://www.w3.org/1999/xhtml" absolutepath="/MATLAB Drive/Q3_Alt _2.mlx"></file><file xmlns="http://www.w3.org/1999/xhtml" absolutepath="/MATLAB Drive/HW6_ALL.mlx"></file><file xmlns="http://www.w3.org/1999/xhtml" absolutepath="/MATLAB Drive/comp_hw4_code.mlx"></file><file xmlns="http://www.w3.org/1999/xhtml" absolutepath="/MATLAB Drive/Hw 3_(d).mlx"></file><file xmlns="http://www.w3.org/1999/xhtml" absolutepath="/MATLAB Drive/Homework 6 math 577.mlx"></file><file xmlns="http://www.w3.org/1999/xhtml" absolutepath="/MATLAB Drive/Comp_HW 5_Exercise.mlx"></file><file xmlns="http://www.w3.org/1999/xhtml" absolutepath="/MATLAB Drive/Com_Exercise_HW5.mlx"></file><file xmlns="http://www.w3.org/1999/xhtml" absolutepath="/MATLAB Drive/Exercise.mlx"></file><file xmlns="http://www.w3.org/1999/xhtml" absolutepath="/MATLAB Drive/Exercise_1.mlx"></file><file xmlns="http://www.w3.org/1999/xhtml" absolutepath="/MATLAB Drive/HW _5 _Comp.mlx"></file><file xmlns="http://www.w3.org/1999/xhtml" absolutepath="/MATLAB Drive/HW 3(1).mlx"></file><file xmlns="http://www.w3.org/1999/xhtml" absolutepath="/MATLAB Drive/Exercise2.mlx"></file><file xmlns="http://www.w3.org/1999/xhtml" absolutepath="/MATLAB Drive/COMP._HW6.mlx"></file><file xmlns="http://www.w3.org/1999/xhtml" absolutepath="/MATLAB Drive/hw6_comp.mlx"></file><file xmlns="http://www.w3.org/1999/xhtml" absolutepath="/MATLAB Drive/comp.(HW 6)_Ali.mlx"></file></bookmarks>