<?xml version="1.0" encoding="UTF-8"?><bookmarks><file xmlns="http://www.w3.org/1999/xhtml" absolutepath="/MATLAB Drive/Assignmeng 1.m"></file><file xmlns="http://www.w3.org/1999/xhtml" absolutepath="/MATLAB Drive/Data_1.m"></file><file xmlns="http://www.w3.org/1999/xhtml" absolutepath="/MATLAB Drive/Data 2.m"></file><file xmlns="http://www.w3.org/1999/xhtml" absolutepath="/MATLAB Drive/html/Question 3.mlx"></file><file xmlns="http://www.w3.org/1999/xhtml" absolutepath="/MATLAB Drive/html/Question 2.mlx"></file><file xmlns="http://www.w3.org/1999/xhtml" absolutepath="/MATLAB Drive/html/Question_4.mlx"></file><file xmlns="http://www.w3.org/1999/xhtml" absolutepath="/MATLAB Drive/html/Question_ 2.mlx"></file><file xmlns="http://www.w3.org/1999/xhtml" absolutepath="/MATLAB Drive/html/Question _3.mlx"></file><file xmlns="http://www.w3.org/1999/xhtml" absolutepath="/MATLAB Drive/html/Question_5.mlx"></file><file xmlns="http://www.w3.org/1999/xhtml" absolutepath="/MATLAB Drive/html/Question_1.mlx"></file><file xmlns="http://www.w3.org/1999/xhtml" absolutepath="/MATLAB Drive/html/Question_ 1 with plots.mlx"></file><file xmlns="http://www.w3.org/1999/xhtml" absolutepath="/MATLAB Drive/Modeling HW_3 (1a).mlx"></file><file xmlns="http://www.w3.org/1999/xhtml" absolutepath="/MATLAB Drive/HW_3 (1b).mlx"></file><file xmlns="http://www.w3.org/1999/xhtml" absolutepath="/MATLAB Drive/HW_3 (1c).mlx"></file><file xmlns="http://www.w3.org/1999/xhtml" absolutepath="/MATLAB Drive/New Folder/SVD _comp hw.mlx"></file></bookmarks>